"id";"map_id";"title";"description";"coord_x";"coord_y";"address";"animation";"create_date";"hash";"icon";"icon_data.description";"icon_data.height";"icon_data.id";"icon_data.is_def";"icon_data.path";"icon_data.title";"icon_data.width";"marker_group_id";"marker_group_ids.0";"params.marker_link_src";"params.show_description";"params.title_is_link";"period_from";"period_to";"sort_order";"user_id"
"1";"0";"Southport Pier";"";"-37.813882686199";"145.0882763547";"";"";"2023-04-12 11:17:26";"";"36";"red,pin";"41";"36";"1";"[UMS_SITE_PATH]/wp-content/plugins/ultimate-maps-by-supsystic/modules/icons/icons_files/def_icons/star_pin_red.png";"star";"32";"0";"";"";"";"";"";"";"0";""
"2";"0";"Eastbourne Pier";"";"-37.813882686199";"145.0882763547";"";"";"2023-04-12 11:17:59";"";"36";"red,pin";"41";"36";"1";"[UMS_SITE_PATH]/wp-content/plugins/ultimate-maps-by-supsystic/modules/icons/icons_files/def_icons/star_pin_red.png";"star";"32";"0";"";"";"";"";"";"";"0";""
"3";"0";"Southport Pier";"";"-37.813882686199";"145.0882763547";"";"";"2023-04-12 11:18:48";"";"1";"blue,white,star,pin";"44";"1";"1";"[UMS_SITE_PATH]/wp-content/plugins/ultimate-maps-by-supsystic/modules/icons/icons_files/def_icons/bblue.png";"marker";"32";"0";"";"";"";"";"";"";"0";""
"4";"0";"Brighton West Pier";"";"-37.84390618809";"145.01816266397";"";"";"2023-04-12 11:19:32";"";"1";"blue,white,star,pin";"44";"1";"1";"[UMS_SITE_PATH]/wp-content/plugins/ultimate-maps-by-supsystic/modules/icons/icons_files/def_icons/bblue.png";"marker";"32";"0";"";"";"";"";"";"";"0";""
"5";"0";"Southport Pier";"&lt;p&gt;&lt;img class=&quot;alignnone size-medium wp-image-1387&quot; src=&quot;[UMS_SITE_PATH]/wp-content/uploads/2023/04/M1-300x197.jpg&quot; alt=&quot;&quot; width=&quot;300&quot; height=&quot;197&quot; /&gt;&lt;/p&gt;";"-37.805343158331";"145.10512934983";"";"";"2023-04-12 11:26:35";"";"36";"red,pin";"41";"36";"1";"[UMS_SITE_PATH]/wp-content/plugins/ultimate-maps-by-supsystic/modules/icons/icons_files/def_icons/star_pin_red.png";"star";"32";"0";"";"";"1";"";"";"";"0";""
"8";"1";"Cunningham Pier";"&lt;p&gt;Major fish: &lt;a href=&quot;https://fishingingreen.software/iteration2/species/salmon/&quot;&gt;Australian salmon&lt;/a&gt;, &lt;a href=&quot;https://fishingingreen.software/iteration2/species/bream/&quot;&gt;bream&lt;/a&gt;, snapper&lt;/p&gt;&lt;p&gt;Fishing is allowed&lt;/p&gt;";"-38.142426830635";"144.36215642765";"";"";"2023-04-19 13:04:15";"";"15";"red";"30";"15";"1";"[UMS_SITE_PATH]/wp-content/plugins/ultimate-maps-by-supsystic/modules/icons/icons_files/def_icons/flag_red.png";"flag";"32";"1";"1";"";"";"";"";"";"3";""
"9";"1";"Point Lonsdale Reef";"&lt;p&gt;Major fish: snapper, yellowtail kingfish&lt;/p&gt;&lt;p&gt;Fishing is allowed&lt;/p&gt;";"-38.290747393899";"144.62688041112";"";"";"2023-04-19 13:23:11";"";"15";"red";"30";"15";"1";"[UMS_SITE_PATH]/wp-content/plugins/ultimate-maps-by-supsystic/modules/icons/icons_files/def_icons/flag_red.png";"flag";"32";"1";"1";"";"";"";"";"";"4";""
"11";"1";"Portsea Pier";"&lt;p&gt;Major fish: yellowtail kingfish&lt;/p&gt;&lt;p&gt;Tick: Fishing is allowed&lt;/p&gt;";"-38.31878767354";"144.71392272643";"";"";"2023-04-19 13:28:02";"";"15";"red";"30";"15";"1";"[UMS_SITE_PATH]/wp-content/plugins/ultimate-maps-by-supsystic/modules/icons/icons_files/def_icons/flag_red.png";"flag";"32";"1";"1";"";"";"";"";"";"6";""
"13";"1";"Shallow Inlet";"&lt;p&gt;Major fish: &lt;a href=&quot;https://fishingingreen.software/iteration2/species/whiting/&quot;&gt;whiting&lt;/a&gt;, &lt;a href=&quot;https://fishingingreen.software/iteration2/species/flathead/&quot;&gt;flathead&lt;/a&gt;, &lt;a href=&quot;https://fishingingreen.software/iteration2/species/trevally/&quot;&gt;trevally&lt;/a&gt;, barracoutta, tailor, Australian salmon&lt;/p&gt;&lt;p&gt;Fishing is allowed&lt;/p&gt;";"-38.819370948048";"146.16201450558";"";"";"2023-04-19 13:31:27";"";"15";"red";"30";"15";"1";"[UMS_SITE_PATH]/wp-content/plugins/ultimate-maps-by-supsystic/modules/icons/icons_files/def_icons/flag_red.png";"flag";"32";"1";"1";"";"";"";"";"";"8";""
"14";"1";"Anderson Inlet";"&lt;p&gt;Major fish: King George whiting, pinkie snapper, silver trevally, &lt;a href=&quot;https://fishingingreen.software/iteration2/species/salmon/&quot;&gt;Australian salmon&lt;/a&gt;&lt;/p&gt;&lt;p&gt;Fishing is allowed&lt;/p&gt;";"-38.648402879239";"145.788813016";"";"";"2023-04-19 13:32:51";"";"15";"red";"30";"15";"1";"[UMS_SITE_PATH]/wp-content/plugins/ultimate-maps-by-supsystic/modules/icons/icons_files/def_icons/flag_red.png";"flag";"32";"1";"1";"";"";"";"";"";"9";""
"15";"1";"Tarwin River Mouth";"&lt;p&gt;Major fish: estuary, &lt;a href=&quot;https://fishingingreen.software/iteration2/species/perch/&quot;&gt;perch&lt;/a&gt;, &lt;a href=&quot;https://fishingingreen.software/iteration2/species/bream/&quot;&gt;bream&lt;/a&gt;&lt;/p&gt;&lt;p&gt;Fishing is allowed&lt;/p&gt;";"-38.688688752824";"145.6727554697";"";"";"2023-04-19 13:34:43";"";"15";"red";"30";"15";"1";"[UMS_SITE_PATH]/wp-content/plugins/ultimate-maps-by-supsystic/modules/icons/icons_files/def_icons/flag_red.png";"flag";"32";"1";"1";"";"";"";"";"";"10";""
"16";"1";"Inverloch Boat Ramp";"&lt;p&gt;Major fish: King George whiting, pinkie snapper, &lt;a href=&quot;https://fishingingreen.software/iteration2/species/trevally/&quot;&gt;silver trevally&lt;/a&gt;, &lt;a href=&quot;https://fishingingreen.software/iteration2/species/salmon/&quot;&gt;Australian salmon&lt;/a&gt;&lt;/p&gt;&lt;p&gt;Fishing is allowed&lt;/p&gt;";"-38.635661605702";"145.73420626008";"";"";"2023-04-19 13:38:56";"";"15";"red";"30";"15";"1";"[UMS_SITE_PATH]/wp-content/plugins/ultimate-maps-by-supsystic/modules/icons/icons_files/def_icons/flag_red.png";"flag";"32";"1";"1";"";"";"";"";"";"11";""
"18";"1";"Somers to Balnarring Beach";"&lt;p&gt;Major fish: &lt;a href=&quot;[UMS_SITE_PATH]/iteration2/species/whiting/&quot;&gt;Whiting&lt;/a&gt;&lt;/p&gt;&lt;p&gt;Fishing is allowed&lt;/p&gt;";"-38.393102104271";"145.14367362998";"";"";"2023-04-19 13:44:39";"";"15";"red";"30";"15";"1";"[UMS_SITE_PATH]/wp-content/plugins/ultimate-maps-by-supsystic/modules/icons/icons_files/def_icons/flag_red.png";"flag";"32";"1";"1";"";"";"";"";"";"13";""
"19";"1";"Flinders Pier";"&lt;p&gt;Major fish: &lt;a href=&quot;https://fishingingreen.software/iteration2/species/whiting/&quot;&gt;Whiting &lt;/a&gt;&lt;/p&gt;&lt;p&gt;Fishing is allowed&lt;/p&gt;";"-38.475317479674";"145.02588478596";"";"";"2023-04-19 13:45:43";"";"15";"red";"30";"15";"1";"[UMS_SITE_PATH]/wp-content/plugins/ultimate-maps-by-supsystic/modules/icons/icons_files/def_icons/flag_red.png";"flag";"32";"1";"1";"";"";"";"";"";"14";""
"20";"1";"The Rocks and The Blowhole";"&lt;p&gt;Major fish: reel fish&lt;/p&gt;&lt;p&gt;Fishing is allowed&lt;/p&gt;";"-38.52843064248";"145.0989564686";"";"";"2023-04-19 13:46:28";"";"15";"red";"30";"15";"1";"[UMS_SITE_PATH]/wp-content/plugins/ultimate-maps-by-supsystic/modules/icons/icons_files/def_icons/flag_red.png";"flag";"32";"1";"1";"";"";"";"";"";"15";""
"21";"1";"Kitty Miller Bay Beach";"&lt;p&gt;Major fish: &lt;a href=&quot;https://fishingingreen.software/iteration2/species/trevally/&quot;&gt;silver trevally&lt;/a&gt;, &lt;a href=&quot;https://fishingingreen.software/iteration2/species/salmon/&quot;&gt;Australian salmon&lt;/a&gt;&lt;/p&gt;&lt;p&gt;Fishing is allowed&lt;/p&gt;";"-38.509871916918";"145.1704675396";"";"";"2023-04-19 13:47:16";"";"15";"red";"30";"15";"1";"[UMS_SITE_PATH]/wp-content/plugins/ultimate-maps-by-supsystic/modules/icons/icons_files/def_icons/flag_red.png";"flag";"32";"0";"";"";"";"";"";"";"16";""
"23";"1";"St Helens Jetty";"&lt;p&gt;&lt;span style=&quot;font-size: 16px;&quot;&gt;Major fish: snapper, yellowtail kingfish, &lt;a href=&quot;https://fishingingreen.software/iteration2/species/trevally/&quot;&gt;trevally&lt;/a&gt;, thresher shark&lt;/span&gt;&lt;/p&gt;&lt;p&gt;Fishing is allowed&lt;/p&gt;";"-38.122636037418";"144.35935388235";"";"";"2023-04-26 11:09:32";"";"15";"red";"30";"15";"1";"[UMS_SITE_PATH]/wp-content/plugins/ultimate-maps-by-supsystic/modules/icons/icons_files/def_icons/flag_red.png";"flag";"32";"0";"";"";"";"";"";"";"18";""
"24";"1";"Waratah Bay";"&lt;p&gt;Major fish: King George whiting, &lt;a href=&quot;https://fishingingreen.software/iteration2/species/flathead/&quot;&gt;flathead&lt;/a&gt;, barracoutta, &lt;a href=&quot;https://fishingingreen.software/iteration2/species/salmon/&quot;&gt;Australian salmon&lt;/a&gt;&lt;/p&gt;&lt;p&gt;Fishing is allowed&lt;/p&gt;";"-38.813754298768";"146.06115154726";"";"";"2023-04-26 11:10:34";"";"15";"red";"30";"15";"1";"[UMS_SITE_PATH]/wp-content/plugins/ultimate-maps-by-supsystic/modules/icons/icons_files/def_icons/flag_red.png";"flag";"32";"0";"";"";"";"";"";"";"19";""
"25";"1";"Corinella Jetty";"&lt;p&gt;Major fish: snapper, &lt;a href=&quot;https://fishingingreen.software/iteration2/species/whiting/&quot;&gt;whiting&lt;/a&gt;&lt;/p&gt;&lt;p&gt;Fishing is allowed&lt;/p&gt;";"-38.407544697633";"145.42471676247";"";"";"2023-04-26 11:12:43";"";"15";"red";"30";"15";"1";"[UMS_SITE_PATH]/wp-content/plugins/ultimate-maps-by-supsystic/modules/icons/icons_files/def_icons/flag_red.png";"flag";"32";"0";"";"";"";"";"";"";"20";""
"29";"1";"Cat Bay";"&lt;p&gt;Major fish: &lt;a href=&quot;https://fishingingreen.software/iteration2/species/whiting/&quot;&gt;whiting&lt;/a&gt;, squid, snapper&lt;/p&gt;&lt;p&gt;Fishing is allowed&lt;/p&gt;";"-38.502054654084";"145.13319292789";"";"";"2023-04-26 11:55:44";"";"15";"red";"30";"15";"1";"[UMS_SITE_PATH]/wp-content/plugins/ultimate-maps-by-supsystic/modules/icons/icons_files/def_icons/flag_red.png";"flag";"32";"0";"";"";"";"";"";"";"24";""
"30";"1";"Off McHaffief Point";"&lt;p&gt;Major fish: snapper&lt;/p&gt;&lt;p&gt;Fishing is allowed&lt;/p&gt;";"-38.464527393454";"145.16350944253";"";"";"2023-04-26 12:00:17";"";"15";"red";"30";"15";"1";"[UMS_SITE_PATH]/wp-content/plugins/ultimate-maps-by-supsystic/modules/icons/icons_files/def_icons/flag_red.png";"flag";"32";"0";"";"";"";"";"";"";"25";""
"31";"1";"Stony Point";"&lt;p&gt;Various&lt;/p&gt;&lt;p&gt;Fishing is allowed&lt;/p&gt;";"-38.373896263267";"145.22225049408";"";"";"2023-04-26 12:01:40";"";"15";"red";"30";"15";"1";"[UMS_SITE_PATH]/wp-content/plugins/ultimate-maps-by-supsystic/modules/icons/icons_files/def_icons/flag_red.png";"flag";"32";"0";"";"";"";"";"";"";"26";""
"33";"1";"West Head Rocks";"&lt;p&gt;Major fish:&lt;a href=&quot;https://fishingingreen.software/iteration2/species/whiting/&quot;&gt; whiting&lt;/a&gt;, &lt;a href=&quot;https://fishingingreen.software/iteration2/species/pike/&quot;&gt;pike&lt;/a&gt;, &lt;a href=&quot;https://fishingingreen.software/species/leatherjacket/&quot;&gt;leatherjacket&lt;/a&gt;&lt;/p&gt;&lt;p&gt;Fishing is allowed&lt;/p&gt;";"-38.483609562449";"145.02497018409";"";"";"2023-04-26 12:04:29";"";"15";"red";"30";"15";"1";"[UMS_SITE_PATH]/wp-content/plugins/ultimate-maps-by-supsystic/modules/icons/icons_files/def_icons/flag_red.png";"flag";"32";"0";"";"";"";"";"";"";"28";""
"34";"1";"Cowes pier";"&lt;p&gt;Major Fish: Various&lt;/p&gt;&lt;p&gt;Fishing is allowed&lt;/p&gt;";"-38.446066532787";"145.24040671252";"";"";"2023-04-26 12:05:24";"";"15";"red";"30";"15";"1";"[UMS_SITE_PATH]/wp-content/plugins/ultimate-maps-by-supsystic/modules/icons/icons_files/def_icons/flag_red.png";"flag";"32";"1";"1";"";"";"";"";"";"29";""
"35";"1";"Cockyanes Channel";"&lt;p&gt;Major fish: &lt;a href=&quot;https://fishingingreen.software/iteration2/species/whiting/&quot;&gt;whiting&lt;/a&gt;, &lt;a href=&quot;https://fishingingreen.software/iteration2/species/flathead/&quot;&gt;flathead&lt;/a&gt;, &lt;a href=&quot;https://fishingingreen.software/iteration2/species/mullet/&quot;&gt;mullet&lt;/a&gt;, snapper, gummy shark&lt;/p&gt;&lt;p&gt;Fishing is allowed&lt;/p&gt;";"-38.262575821571";"145.36871219864";"";"";"2023-04-26 12:06:57";"";"15";"red";"30";"15";"1";"[UMS_SITE_PATH]/wp-content/plugins/ultimate-maps-by-supsystic/modules/icons/icons_files/def_icons/flag_red.png";"flag";"32";"0";"";"";"";"";"";"";"30";""
"37";"1";"Venus Bay Back Beaches";"&lt;p&gt;&lt;span data-sheets-value=&quot;{&amp;quot;1&amp;quot;:2,&amp;quot;2&amp;quot;:&amp;quot;Australian salmon, mullet, trevally&amp;quot;}&quot; data-sheets-userformat=&quot;{&amp;quot;2&amp;quot;:513,&amp;quot;3&amp;quot;:{&amp;quot;1&amp;quot;:0},&amp;quot;12&amp;quot;:0}&quot;&gt;Major fish: &lt;a href=&quot;https://fishingingreen.software/iteration2/species/salmon/&quot;&gt;Australian salmon&lt;/a&gt;, &lt;a href=&quot;https://fishingingreen.software/iteration2/species/mullet/&quot;&gt;mullet&lt;/a&gt;, &lt;a href=&quot;https://fishingingreen.software/iteration2/species/trevally/&quot;&gt;trevally&lt;/a&gt;&lt;/span&gt;&lt;/p&gt;&lt;p&gt;&lt;span data-sheets-value=&quot;{&amp;quot;1&amp;quot;:2,&amp;quot;2&amp;quot;:&amp;quot;Tick: Fishing is allowed&amp;quot;}&quot; data-sheets-userformat=&quot;{&amp;quot;2&amp;quot;:513,&amp;quot;3&amp;quot;:{&amp;quot;1&amp;quot;:0},&amp;quot;12&amp;quot;:0}&quot;&gt;Fishing is allowed&lt;/span&gt;&lt;/p&gt;";"-38.684400914116";"145.78542892287";"";"";"2023-04-27 11:44:24";"";"15";"red";"30";"15";"1";"[UMS_SITE_PATH]/wp-content/plugins/ultimate-maps-by-supsystic/modules/icons/icons_files/def_icons/flag_red.png";"flag";"32";"0";"";"";"";"";"";"";"31";""
"38";"1";"Blakes Channel";"&lt;p&gt;Major Fish: &lt;span data-sheets-value=&quot;{&amp;quot;1&amp;quot;:2,&amp;quot;2&amp;quot;:&amp;quot;whiting, snapper&amp;quot;}&quot; data-sheets-userformat=&quot;{&amp;quot;2&amp;quot;:513,&amp;quot;3&amp;quot;:{&amp;quot;1&amp;quot;:0},&amp;quot;12&amp;quot;:0}&quot;&gt;&lt;a href=&quot;https://fishingingreen.software/iteration2/species/whiting/&quot;&gt;whiting&lt;/a&gt;, snapper&lt;/span&gt;&lt;/p&gt;&lt;p&gt;&lt;span data-sheets-value=&quot;{&amp;quot;1&amp;quot;:2,&amp;quot;2&amp;quot;:&amp;quot;Tick: Fishing is allowed&amp;quot;}&quot; data-sheets-userformat=&quot;{&amp;quot;2&amp;quot;:513,&amp;quot;3&amp;quot;:{&amp;quot;1&amp;quot;:0},&amp;quot;12&amp;quot;:0}&quot;&gt;Fishing is allowed&lt;/span&gt;&lt;/p&gt;";"-38.399235237211";"145.30067206003";"";"";"2023-04-27 11:46:51";"";"15";"red";"30";"15";"1";"[UMS_SITE_PATH]/wp-content/plugins/ultimate-maps-by-supsystic/modules/icons/icons_files/def_icons/flag_red.png";"flag";"32";"1";"1";"";"";"";"";"";"32";""
"39";"1";"Channels off Rhyll";"&lt;p&gt;Major Fish: &lt;span data-sheets-value=&quot;{&amp;quot;1&amp;quot;:2,&amp;quot;2&amp;quot;:&amp;quot;whiting, flathead&amp;quot;}&quot; data-sheets-userformat=&quot;{&amp;quot;2&amp;quot;:513,&amp;quot;3&amp;quot;:{&amp;quot;1&amp;quot;:0},&amp;quot;12&amp;quot;:0}&quot;&gt;&lt;a href=&quot;https://fishingingreen.software/iteration2/species/whiting/&quot;&gt;whiting&lt;/a&gt;,&lt;a href=&quot;https://fishingingreen.software/iteration2/species/flathead/&quot;&gt; flathead&lt;/a&gt;&lt;/span&gt;&lt;/p&gt;&lt;p&gt;&lt;span data-sheets-value=&quot;{&amp;quot;1&amp;quot;:2,&amp;quot;2&amp;quot;:&amp;quot;Tick: Fishing is allowed&amp;quot;}&quot; data-sheets-userformat=&quot;{&amp;quot;2&amp;quot;:513,&amp;quot;3&amp;quot;:{&amp;quot;1&amp;quot;:0},&amp;quot;12&amp;quot;:0}&quot;&gt;Fishing is allowed&lt;/span&gt;&lt;/p&gt;";"-38.466242664451";"145.35618638226";"";"";"2023-04-27 11:56:24";"";"15";"red";"30";"15";"1";"[UMS_SITE_PATH]/wp-content/plugins/ultimate-maps-by-supsystic/modules/icons/icons_files/def_icons/flag_red.png";"flag";"32";"1";"1";"";"";"";"";"";"33";""
"40";"1";"San Remo Jetty";"&lt;p&gt;Major Fish: &lt;span data-sheets-value=&quot;{&amp;quot;1&amp;quot;:2,&amp;quot;2&amp;quot;:&amp;quot;various&amp;quot;}&quot; data-sheets-userformat=&quot;{&amp;quot;2&amp;quot;:513,&amp;quot;3&amp;quot;:{&amp;quot;1&amp;quot;:0},&amp;quot;12&amp;quot;:0}&quot;&gt;various&lt;/span&gt;&lt;/p&gt;&lt;p&gt;&lt;span data-sheets-value=&quot;{&amp;quot;1&amp;quot;:2,&amp;quot;2&amp;quot;:&amp;quot;Tick: Fishing is allowed&amp;quot;}&quot; data-sheets-userformat=&quot;{&amp;quot;2&amp;quot;:513,&amp;quot;3&amp;quot;:{&amp;quot;1&amp;quot;:0},&amp;quot;12&amp;quot;:0}&quot;&gt;Fishing is allowed&lt;/span&gt;&lt;/p&gt;";"-38.520312966235";"145.36454543338";"";"";"2023-04-27 12:00:35";"";"15";"red";"30";"15";"1";"[UMS_SITE_PATH]/wp-content/plugins/ultimate-maps-by-supsystic/modules/icons/icons_files/def_icons/flag_red.png";"flag";"32";"1";"1";"";"";"";"";"";"34";""
"41";"1";"Bass River";"&lt;p&gt;&lt;span data-sheets-value=&quot;{&amp;quot;1&amp;quot;:2,&amp;quot;2&amp;quot;:&amp;quot;bream, estuary perch, mullet&amp;quot;}&quot; data-sheets-userformat=&quot;{&amp;quot;2&amp;quot;:513,&amp;quot;3&amp;quot;:{&amp;quot;1&amp;quot;:0},&amp;quot;12&amp;quot;:0}&quot;&gt;Major Fish: &lt;a href=&quot;https://fishingingreen.software/iteration2/species/bream/&quot;&gt;bream&lt;/a&gt;, &lt;a href=&quot;https://fishingingreen.software/iteration2/species/perch/&quot;&gt;estuary perch&lt;/a&gt;, &lt;a href=&quot;https://fishingingreen.software/iteration2/species/mullet/&quot;&gt;mullet&lt;/a&gt;&lt;/span&gt;&lt;/p&gt;&lt;p&gt;&lt;span data-sheets-value=&quot;{&amp;quot;1&amp;quot;:2,&amp;quot;2&amp;quot;:&amp;quot;Tick: Fishing is allowed&amp;quot;}&quot; data-sheets-userformat=&quot;{&amp;quot;2&amp;quot;:513,&amp;quot;3&amp;quot;:{&amp;quot;1&amp;quot;:0},&amp;quot;12&amp;quot;:0}&quot;&gt;Fishing is allowed&lt;/span&gt;&lt;/p&gt;";"-38.464884271897";"145.51468570769";"";"";"2023-04-27 12:03:19";"";"15";"red";"30";"15";"1";"[UMS_SITE_PATH]/wp-content/plugins/ultimate-maps-by-supsystic/modules/icons/icons_files/def_icons/flag_red.png";"flag";"32";"1";"1";"";"";"";"";"";"35";""
"42";"1";"Tankerton Pier";"&lt;p&gt;Major Fish: &lt;span data-sheets-value=&quot;{&amp;quot;1&amp;quot;:2,&amp;quot;2&amp;quot;:&amp;quot;various&amp;quot;}&quot; data-sheets-userformat=&quot;{&amp;quot;2&amp;quot;:513,&amp;quot;3&amp;quot;:{&amp;quot;1&amp;quot;:0},&amp;quot;12&amp;quot;:0}&quot;&gt;various&lt;/span&gt;&lt;/p&gt;&lt;p&gt;&lt;span data-sheets-value=&quot;{&amp;quot;1&amp;quot;:2,&amp;quot;2&amp;quot;:&amp;quot;Tick: Fishing is allowed&amp;quot;}&quot; data-sheets-userformat=&quot;{&amp;quot;2&amp;quot;:513,&amp;quot;3&amp;quot;:{&amp;quot;1&amp;quot;:0},&amp;quot;12&amp;quot;:0}&quot;&gt;Fishing is allowed&lt;/span&gt;&lt;/p&gt;";"-38.383018955827";"145.27118834233";"";"";"2023-04-27 12:07:01";"";"15";"red";"30";"15";"1";"[UMS_SITE_PATH]/wp-content/plugins/ultimate-maps-by-supsystic/modules/icons/icons_files/def_icons/flag_red.png";"flag";"32";"1";"1";"";"";"";"";"";"36";""
"43";"1";"Red Point, Cape Woolamai";"&lt;p&gt;&lt;span data-sheets-value=&quot;{&amp;quot;1&amp;quot;:2,&amp;quot;2&amp;quot;:&amp;quot;barracoutta, Australian salmon, flathead&amp;quot;}&quot; data-sheets-userformat=&quot;{&amp;quot;2&amp;quot;:513,&amp;quot;3&amp;quot;:{&amp;quot;1&amp;quot;:0},&amp;quot;12&amp;quot;:0}&quot;&gt;Major Fish: barracoutta,&lt;a href=&quot;https://fishingingreen.software/iteration2/species/salmon/&quot;&gt; Australian salmon&lt;/a&gt;, &lt;a href=&quot;https://fishingingreen.software/iteration2/species/flathead/&quot;&gt;flathead&lt;/a&gt;&lt;/span&gt;&lt;/p&gt;&lt;p&gt;&lt;span data-sheets-value=&quot;{&amp;quot;1&amp;quot;:2,&amp;quot;2&amp;quot;:&amp;quot;Tick: Fishing is allowed&amp;quot;}&quot; data-sheets-userformat=&quot;{&amp;quot;2&amp;quot;:513,&amp;quot;3&amp;quot;:{&amp;quot;1&amp;quot;:0},&amp;quot;12&amp;quot;:0}&quot;&gt;Fishing is allowed&lt;/span&gt;&lt;/p&gt;";"-38.552903469612";"145.36592008536";"";"";"2023-04-27 12:08:45";"";"15";"red";"30";"15";"1";"[UMS_SITE_PATH]/wp-content/plugins/ultimate-maps-by-supsystic/modules/icons/icons_files/def_icons/flag_red.png";"flag";"32";"1";"1";"";"";"";"";"";"37";""
"44";"1";"The Nobies";"&lt;p&gt;Major Fish: &lt;span data-sheets-value=&quot;{&amp;quot;1&amp;quot;:2,&amp;quot;2&amp;quot;:&amp;quot;various&amp;quot;}&quot; data-sheets-userformat=&quot;{&amp;quot;2&amp;quot;:513,&amp;quot;3&amp;quot;:{&amp;quot;1&amp;quot;:0},&amp;quot;12&amp;quot;:0}&quot;&gt;various&lt;/span&gt;&lt;/p&gt;&lt;p&gt;&lt;span data-sheets-value=&quot;{&amp;quot;1&amp;quot;:2,&amp;quot;2&amp;quot;:&amp;quot;Tick: Fishing is allowed&amp;quot;}&quot; data-sheets-userformat=&quot;{&amp;quot;2&amp;quot;:513,&amp;quot;3&amp;quot;:{&amp;quot;1&amp;quot;:0},&amp;quot;12&amp;quot;:0}&quot;&gt;Fishing is allowed&lt;/span&gt;&lt;/p&gt;";"-38.517828686861";"145.11428679429";"";"";"2023-04-27 12:09:35";"";"15";"red";"30";"15";"1";"[UMS_SITE_PATH]/wp-content/plugins/ultimate-maps-by-supsystic/modules/icons/icons_files/def_icons/flag_red.png";"flag";"32";"1";"1";"";"";"";"";"";"38";""
"45";"1";"Joe\&#039;s Island";"&lt;p&gt;Major Fish: &lt;span data-sheets-value=&quot;{&amp;quot;1&amp;quot;:2,&amp;quot;2&amp;quot;:&amp;quot;snapper, gummy shark, bronze whaler shark&amp;quot;}&quot; data-sheets-userformat=&quot;{&amp;quot;2&amp;quot;:513,&amp;quot;3&amp;quot;:{&amp;quot;1&amp;quot;:0},&amp;quot;12&amp;quot;:0}&quot;&gt;snapper, gummy shark, bronze whaler shark&lt;/span&gt;&lt;/p&gt;&lt;p&gt;&lt;span data-sheets-value=&quot;{&amp;quot;1&amp;quot;:2,&amp;quot;2&amp;quot;:&amp;quot;Tick: Fishing is allowed&amp;quot;}&quot; data-sheets-userformat=&quot;{&amp;quot;2&amp;quot;:513,&amp;quot;3&amp;quot;:{&amp;quot;1&amp;quot;:0},&amp;quot;12&amp;quot;:0}&quot;&gt;Fishing is allowed&lt;/span&gt;&lt;/p&gt;";"-38.28564162983";"145.36583430999";"";"";"2023-04-27 12:19:07";"";"15";"red";"30";"15";"1";"[UMS_SITE_PATH]/wp-content/plugins/ultimate-maps-by-supsystic/modules/icons/icons_files/def_icons/flag_red.png";"flag";"32";"1";"1";"";"";"";"";"";"39";""
"46";"1";"Crawfish Rock";"&lt;p&gt;Major Fish: &lt;span data-sheets-value=&quot;{&amp;quot;1&amp;quot;:2,&amp;quot;2&amp;quot;:&amp;quot;snapper, gummy shark&amp;quot;}&quot; data-sheets-userformat=&quot;{&amp;quot;2&amp;quot;:513,&amp;quot;3&amp;quot;:{&amp;quot;1&amp;quot;:0},&amp;quot;12&amp;quot;:0}&quot;&gt;snapper, gummy shark&lt;/span&gt;&lt;/p&gt;&lt;p&gt;&lt;span data-sheets-value=&quot;{&amp;quot;1&amp;quot;:2,&amp;quot;2&amp;quot;:&amp;quot;snapper, gummy shark&amp;quot;}&quot; data-sheets-userformat=&quot;{&amp;quot;2&amp;quot;:513,&amp;quot;3&amp;quot;:{&amp;quot;1&amp;quot;:0},&amp;quot;12&amp;quot;:0}&quot;&gt;Fishing is allowed&lt;/span&gt;&lt;/p&gt;";"-38.270110598209";"145.30249458667";"";"";"2023-04-27 12:20:21";"";"15";"red";"30";"15";"1";"[UMS_SITE_PATH]/wp-content/plugins/ultimate-maps-by-supsystic/modules/icons/icons_files/def_icons/flag_red.png";"flag";"32";"0";"";"";"";"";"";"";"40";""
"47";"1";"Capel Sound";"&lt;p&gt;Major Fish: &lt;span data-sheets-value=&quot;{&amp;quot;1&amp;quot;:2,&amp;quot;2&amp;quot;:&amp;quot;flathead, snapper, whiting&amp;quot;}&quot; data-sheets-userformat=&quot;{&amp;quot;2&amp;quot;:513,&amp;quot;3&amp;quot;:{&amp;quot;1&amp;quot;:0},&amp;quot;12&amp;quot;:0}&quot;&gt;&lt;a href=&quot;https://fishingingreen.software/iteration2/species/flathead/&quot;&gt;flathead&lt;/a&gt;, snapper, &lt;a href=&quot;https://fishingingreen.software/iteration2/species/whiting/&quot;&gt;whiting&lt;/a&gt;&lt;/span&gt;&lt;/p&gt;&lt;p&gt;&lt;span data-sheets-value=&quot;{&amp;quot;1&amp;quot;:2,&amp;quot;2&amp;quot;:&amp;quot;flathead, snapper, whiting&amp;quot;}&quot; data-sheets-userformat=&quot;{&amp;quot;2&amp;quot;:513,&amp;quot;3&amp;quot;:{&amp;quot;1&amp;quot;:0},&amp;quot;12&amp;quot;:0}&quot;&gt;Fishing is allowed&lt;/span&gt;&lt;/p&gt;";"-38.36152169868";"144.87055340317";"";"";"2023-04-27 12:21:45";"";"15";"red";"30";"15";"1";"[UMS_SITE_PATH]/wp-content/plugins/ultimate-maps-by-supsystic/modules/icons/icons_files/def_icons/flag_red.png";"flag";"32";"0";"";"";"";"";"";"";"41";""
"48";"1";"Blairgowrie Pier";"&lt;p&gt;Major Fish: &lt;span data-sheets-value=&quot;{&amp;quot;1&amp;quot;:2,&amp;quot;2&amp;quot;:&amp;quot;snapper&amp;quot;}&quot; data-sheets-userformat=&quot;{&amp;quot;2&amp;quot;:513,&amp;quot;3&amp;quot;:{&amp;quot;1&amp;quot;:0},&amp;quot;12&amp;quot;:0}&quot;&gt;snapper&lt;/span&gt;&lt;/p&gt;&lt;p&gt;Fishing is allowed&lt;/p&gt;";"-38.357161090707";"144.7747046118";"";"";"2023-04-27 12:22:41";"";"15";"red";"30";"15";"1";"[UMS_SITE_PATH]/wp-content/plugins/ultimate-maps-by-supsystic/modules/icons/icons_files/def_icons/flag_red.png";"flag";"32";"0";"";"";"";"";"";"";"42";""
"49";"1";"Mud Island";"&lt;p&gt;Major Fish: &lt;span data-sheets-value=&quot;{&amp;quot;1&amp;quot;:2,&amp;quot;2&amp;quot;:&amp;quot;snapper, whiting, flathead&amp;quot;}&quot; data-sheets-userformat=&quot;{&amp;quot;2&amp;quot;:513,&amp;quot;3&amp;quot;:{&amp;quot;1&amp;quot;:0},&amp;quot;12&amp;quot;:0}&quot;&gt;snapper,&lt;a href=&quot;https://fishingingreen.software/iteration2/species/whiting/&quot;&gt; whiting&lt;/a&gt;,&lt;a href=&quot;https://fishingingreen.software/iteration2/species/flathead/&quot;&gt; flathead&lt;/a&gt;&lt;/span&gt;&lt;/p&gt;&lt;p&gt;Fishing is allowed&lt;/p&gt;";"-38.272402514227";"144.7703005483";"";"";"2023-04-27 12:23:39";"";"15";"red";"30";"15";"1";"[UMS_SITE_PATH]/wp-content/plugins/ultimate-maps-by-supsystic/modules/icons/icons_files/def_icons/flag_red.png";"flag";"32";"1";"1";"";"";"";"";"";"43";""
"50";"1";"South Channel Fort";"&lt;p&gt;Major Fish: &lt;a href=&quot;https://fishingingreen.software/iteration2/species/whiting/&quot;&gt;&lt;span data-sheets-value=&quot;{&amp;quot;1&amp;quot;:2,&amp;quot;2&amp;quot;:&amp;quot;whiting&amp;quot;}&quot; data-sheets-userformat=&quot;{&amp;quot;2&amp;quot;:513,&amp;quot;3&amp;quot;:{&amp;quot;1&amp;quot;:0},&amp;quot;12&amp;quot;:0}&quot;&gt;whiting&lt;/span&gt;&lt;/a&gt;&lt;/p&gt;&lt;p&gt;Fishing is allowed&lt;/p&gt;";"-38.311428508124";"144.80311483966";"";"";"2023-04-27 12:24:35";"";"15";"red";"30";"15";"1";"[UMS_SITE_PATH]/wp-content/plugins/ultimate-maps-by-supsystic/modules/icons/icons_files/def_icons/flag_red.png";"flag";"32";"1";"1";"";"";"";"";"";"44";""
"51";"1";"Dromana Pier";"&lt;p&gt;Major Fish: &lt;span data-sheets-value=&quot;{&amp;quot;1&amp;quot;:2,&amp;quot;2&amp;quot;:&amp;quot;flathead, flounder&amp;quot;}&quot; data-sheets-userformat=&quot;{&amp;quot;2&amp;quot;:513,&amp;quot;3&amp;quot;:{&amp;quot;1&amp;quot;:0},&amp;quot;12&amp;quot;:0}&quot;&gt;flathead, flounder&lt;/span&gt;&lt;/p&gt;&lt;p&gt;Fishing is allowed&lt;/p&gt;";"-38.331795557734";"144.96502111913";"";"";"2023-04-27 12:25:30";"";"15";"red";"30";"15";"1";"[UMS_SITE_PATH]/wp-content/plugins/ultimate-maps-by-supsystic/modules/icons/icons_files/def_icons/flag_red.png";"flag";"32";"0";"";"";"";"";"";"";"45";""
"52";"1";"Mornington Pier";"&lt;p&gt;Major Fish: &lt;span data-sheets-value=&quot;{&amp;quot;1&amp;quot;:2,&amp;quot;2&amp;quot;:&amp;quot;flathead, snapper, whiting, garfish&amp;quot;}&quot; data-sheets-userformat=&quot;{&amp;quot;2&amp;quot;:513,&amp;quot;3&amp;quot;:{&amp;quot;1&amp;quot;:0},&amp;quot;12&amp;quot;:0}&quot;&gt;flathead, snapper, whiting, garfish&lt;/span&gt;&lt;/p&gt;&lt;p&gt;Fishing is allowed&lt;/p&gt;";"-38.21280222428";"145.03414408347";"";"";"2023-04-27 12:26:34";"";"15";"red";"30";"15";"1";"[UMS_SITE_PATH]/wp-content/plugins/ultimate-maps-by-supsystic/modules/icons/icons_files/def_icons/flag_red.png";"flag";"32";"1";"1";"";"";"";"";"";"46";""
"53";"1";"Kalimna Jetty";"&lt;p&gt;Major Fish: &lt;span data-sheets-value=&quot;{&amp;quot;1&amp;quot;:2,&amp;quot;2&amp;quot;:&amp;quot;luderick, barracouta, flathead, mullet, bream, silver trevally, snapper, Australian salmon, tailor&amp;quot;}&quot; data-sheets-userformat=&quot;{&amp;quot;2&amp;quot;:513,&amp;quot;3&amp;quot;:{&amp;quot;1&amp;quot;:0},&amp;quot;12&amp;quot;:0}&quot;&gt;luderick, barracouta, flathead, mullet, bream, silver trevally, snapper, Australian salmon, tailor&lt;/span&gt;&lt;/p&gt;&lt;p&gt;&lt;span data-sheets-value=&quot;{&amp;quot;1&amp;quot;:2,&amp;quot;2&amp;quot;:&amp;quot;Tick: Fishing is allowed&amp;quot;}&quot; data-sheets-userformat=&quot;{&amp;quot;2&amp;quot;:513,&amp;quot;3&amp;quot;:{&amp;quot;1&amp;quot;:0},&amp;quot;12&amp;quot;:0}&quot;&gt;Fishing is allowed&lt;/span&gt;&lt;/p&gt;";"-37.878258722352";"147.95455972243";"";"";"2023-04-27 12:30:25";"";"15";"red";"30";"15";"1";"[UMS_SITE_PATH]/wp-content/plugins/ultimate-maps-by-supsystic/modules/icons/icons_files/def_icons/flag_red.png";"flag";"32";"0";"";"";"";"";"";"";"47";""
"54";"1";"Bullock Island";"&lt;p&gt;Major Fish: &lt;span data-sheets-value=&quot;{&amp;quot;1&amp;quot;:2,&amp;quot;2&amp;quot;:&amp;quot;Australian salmon, tailor, bream, luderick&amp;quot;}&quot; data-sheets-userformat=&quot;{&amp;quot;2&amp;quot;:513,&amp;quot;3&amp;quot;:{&amp;quot;1&amp;quot;:0},&amp;quot;12&amp;quot;:0}&quot;&gt;Australian salmon, tailor, bream, luderick&lt;/span&gt;&lt;/p&gt;&lt;p&gt;Fishing is allowed&lt;/p&gt;";"-37.884576433131";"147.97066656553";"";"";"2023-04-27 12:31:37";"";"15";"red";"30";"15";"1";"[UMS_SITE_PATH]/wp-content/plugins/ultimate-maps-by-supsystic/modules/icons/icons_files/def_icons/flag_red.png";"flag";"32";"1";"1";"";"";"";"";"";"48";""
"55";"1";"Between Bullock and Rigby Islands";"&lt;p&gt;Major Fish: &lt;span data-sheets-value=&quot;{&amp;quot;1&amp;quot;:2,&amp;quot;2&amp;quot;:&amp;quot;snapper, mulloway&amp;quot;}&quot; data-sheets-userformat=&quot;{&amp;quot;2&amp;quot;:513,&amp;quot;3&amp;quot;:{&amp;quot;1&amp;quot;:0},&amp;quot;12&amp;quot;:0}&quot;&gt;snapper, mulloway&lt;/span&gt;&lt;/p&gt;&lt;p&gt;Fishing is allowed&lt;/p&gt;";"-37.885760167073";"147.96744417101";"";"";"2023-04-27 12:32:21";"";"15";"red";"30";"15";"1";"[UMS_SITE_PATH]/wp-content/plugins/ultimate-maps-by-supsystic/modules/icons/icons_files/def_icons/flag_red.png";"flag";"32";"1";"1";"";"";"";"";"";"49";""
"56";"1";"Jemmys Point";"&lt;p&gt;&lt;span data-sheets-value=&quot;{&amp;quot;1&amp;quot;:2,&amp;quot;2&amp;quot;:&amp;quot;luderick&amp;quot;}&quot; data-sheets-userformat=&quot;{&amp;quot;2&amp;quot;:513,&amp;quot;3&amp;quot;:{&amp;quot;1&amp;quot;:0},&amp;quot;12&amp;quot;:0}&quot;&gt;Major Fish: luderick&lt;/span&gt;&lt;/p&gt;&lt;p&gt;Fishing is allowed&lt;/p&gt;";"-37.880573000107";"147.96403395344";"";"";"2023-04-27 12:33:00";"";"15";"red";"30";"15";"1";"[UMS_SITE_PATH]/wp-content/plugins/ultimate-maps-by-supsystic/modules/icons/icons_files/def_icons/flag_red.png";"flag";"32";"0";"";"";"";"";"";"";"50";""
"57";"1";"Tambo River";"&lt;p&gt;Major Fish: &lt;span data-sheets-value=&quot;{&amp;quot;1&amp;quot;:2,&amp;quot;2&amp;quot;:&amp;quot;bream, luderick, flathead, mulloway&amp;quot;}&quot; data-sheets-userformat=&quot;{&amp;quot;2&amp;quot;:513,&amp;quot;3&amp;quot;:{&amp;quot;1&amp;quot;:0},&amp;quot;12&amp;quot;:0}&quot;&gt;bream, luderick, flathead, mulloway&lt;/span&gt;&lt;/p&gt;&lt;p&gt;Fishing is allowed&lt;/p&gt;";"-37.846504956593";"147.81154766766";"";"";"2023-04-27 12:34:54";"";"15";"red";"30";"15";"1";"[UMS_SITE_PATH]/wp-content/plugins/ultimate-maps-by-supsystic/modules/icons/icons_files/def_icons/flag_red.png";"flag";"32";"1";"1";"";"";"";"";"";"51";""
"58";"1";"Metung to Tambo Bluff";"&lt;p&gt;Major Fish: &lt;span data-sheets-value=&quot;{&amp;quot;1&amp;quot;:2,&amp;quot;2&amp;quot;:&amp;quot;snapper, flathead, bream, tailor&amp;quot;}&quot; data-sheets-userformat=&quot;{&amp;quot;2&amp;quot;:513,&amp;quot;3&amp;quot;:{&amp;quot;1&amp;quot;:0},&amp;quot;12&amp;quot;:0}&quot;&gt;snapper, flathead, bream, tailor&lt;/span&gt;&lt;/p&gt;&lt;p&gt;Fishing is allowed&lt;/p&gt;";"-37.875765884959";"147.81749682111";"";"";"2023-04-27 12:35:53";"";"15";"red";"30";"15";"1";"[UMS_SITE_PATH]/wp-content/plugins/ultimate-maps-by-supsystic/modules/icons/icons_files/def_icons/flag_red.png";"flag";"32";"0";"";"";"";"";"";"";"52";""
"59";"1";"Bemm River";"&lt;p&gt;Major Fish: &lt;span data-sheets-value=&quot;{&amp;quot;1&amp;quot;:2,&amp;quot;2&amp;quot;:&amp;quot;flathead, bream, bass, estuary perch&amp;quot;}&quot; data-sheets-userformat=&quot;{&amp;quot;2&amp;quot;:513,&amp;quot;3&amp;quot;:{&amp;quot;1&amp;quot;:0},&amp;quot;12&amp;quot;:0}&quot;&gt;flathead, bream, bass, estuary perch&lt;/span&gt;&lt;/p&gt;&lt;p&gt;Fishing is allowed&lt;/p&gt;&lt;p&gt;Â &lt;/p&gt;";"-37.7465753884";"148.97692994437";"";"";"2023-04-27 12:37:03";"";"15";"red";"30";"15";"1";"[UMS_SITE_PATH]/wp-content/plugins/ultimate-maps-by-supsystic/modules/icons/icons_files/def_icons/flag_red.png";"flag";"32";"0";"";"";"";"";"";"";"53";""
"60";"1";"Tamboon Inlet";"&lt;p&gt;Major Fish: &lt;span data-sheets-value=&quot;{&amp;quot;1&amp;quot;:2,&amp;quot;2&amp;quot;:&amp;quot;flathead, bream, snapper, whiting, silver trevally, estuary perch&amp;quot;}&quot; data-sheets-userformat=&quot;{&amp;quot;2&amp;quot;:513,&amp;quot;3&amp;quot;:{&amp;quot;1&amp;quot;:0},&amp;quot;12&amp;quot;:0}&quot;&gt;flathead, bream, snapper, whiting, silver trevally, estuary perch&lt;/span&gt;&lt;/p&gt;&lt;p&gt;&lt;span data-sheets-value=&quot;{&amp;quot;1&amp;quot;:2,&amp;quot;2&amp;quot;:&amp;quot;Tick: Fishing is allowed&amp;quot;}&quot; data-sheets-userformat=&quot;{&amp;quot;2&amp;quot;:513,&amp;quot;3&amp;quot;:{&amp;quot;1&amp;quot;:0},&amp;quot;12&amp;quot;:0}&quot;&gt;Fishing is allowed&lt;/span&gt;&lt;/p&gt;";"-37.753815387331";"149.13111329911";"";"";"2023-04-27 12:37:40";"";"15";"red";"30";"15";"1";"[UMS_SITE_PATH]/wp-content/plugins/ultimate-maps-by-supsystic/modules/icons/icons_files/def_icons/flag_red.png";"flag";"32";"0";"";"";"";"";"";"";"54";""
"61";"1";"Gabo Island";"&lt;p&gt;Major Fish: &lt;span data-sheets-value=&quot;{&amp;quot;1&amp;quot;:2,&amp;quot;2&amp;quot;:&amp;quot;Australian salmon, tailor, yellowtail kingfish, gummy shark&amp;quot;}&quot; data-sheets-userformat=&quot;{&amp;quot;2&amp;quot;:513,&amp;quot;3&amp;quot;:{&amp;quot;1&amp;quot;:0},&amp;quot;12&amp;quot;:0}&quot;&gt;Australian salmon, tailor, yellowtail kingfish, gummy shark&lt;/span&gt;&lt;/p&gt;&lt;p&gt;&lt;span data-sheets-value=&quot;{&amp;quot;1&amp;quot;:2,&amp;quot;2&amp;quot;:&amp;quot;Tick: Fishing is allowed&amp;quot;}&quot; data-sheets-userformat=&quot;{&amp;quot;2&amp;quot;:513,&amp;quot;3&amp;quot;:{&amp;quot;1&amp;quot;:0},&amp;quot;12&amp;quot;:0}&quot;&gt;Fishing is allowed&lt;/span&gt;&lt;/p&gt;";"-37.561950902586";"149.91152188123";"";"";"2023-04-27 12:38:25";"";"15";"red";"30";"15";"1";"[UMS_SITE_PATH]/wp-content/plugins/ultimate-maps-by-supsystic/modules/icons/icons_files/def_icons/flag_red.png";"flag";"32";"1";"1";"";"";"";"";"";"55";""
"62";"1";"Tullaburga Island";"&lt;p&gt;Major Fish: &lt;span data-sheets-value=&quot;{&amp;quot;1&amp;quot;:2,&amp;quot;2&amp;quot;:&amp;quot;Australian salmon, tailor, yellowtail kingfish, gummy shark&amp;quot;}&quot; data-sheets-userformat=&quot;{&amp;quot;2&amp;quot;:513,&amp;quot;3&amp;quot;:{&amp;quot;1&amp;quot;:0},&amp;quot;12&amp;quot;:0}&quot;&gt;Australian salmon, tailor, yellowtail kingfish, gummy shark&lt;/span&gt;&lt;/p&gt;&lt;p&gt;&lt;span data-sheets-value=&quot;{&amp;quot;1&amp;quot;:2,&amp;quot;2&amp;quot;:&amp;quot;Tick: Fishing is allowed&amp;quot;}&quot; data-sheets-userformat=&quot;{&amp;quot;2&amp;quot;:513,&amp;quot;3&amp;quot;:{&amp;quot;1&amp;quot;:0},&amp;quot;12&amp;quot;:0}&quot;&gt;Fishing is allowed&lt;/span&gt;&lt;/p&gt;";"-37.556432353936";"149.84487104845";"";"";"2023-04-27 12:39:01";"";"15";"red";"30";"15";"1";"[UMS_SITE_PATH]/wp-content/plugins/ultimate-maps-by-supsystic/modules/icons/icons_files/def_icons/flag_red.png";"flag";"32";"0";"";"";"";"";"";"";"56";""
"63";"1";"Seal Island group";"&lt;p&gt;Major Fish: &lt;span data-sheets-value=&quot;{&amp;quot;1&amp;quot;:2,&amp;quot;2&amp;quot;:&amp;quot;snapper, yellowtail kingfish, snook, tuna&amp;quot;}&quot; data-sheets-userformat=&quot;{&amp;quot;2&amp;quot;:513,&amp;quot;3&amp;quot;:{&amp;quot;1&amp;quot;:0},&amp;quot;12&amp;quot;:0}&quot;&gt;snapper, yellowtail kingfish, snook, tuna&lt;/span&gt;&lt;/p&gt;&lt;p&gt;Fishing is allowed&lt;/p&gt;";"-38.92530008889";"146.6615508558";"";"";"2023-04-27 12:39:50";"";"15";"red";"30";"15";"1";"[UMS_SITE_PATH]/wp-content/plugins/ultimate-maps-by-supsystic/modules/icons/icons_files/def_icons/flag_red.png";"flag";"32";"0";"";"";"";"";"";"";"57";""
"64";"1";"Port Welshpool Long Jetty";"&lt;p&gt;&lt;span data-sheets-value=&quot;{&amp;quot;1&amp;quot;:2,&amp;quot;2&amp;quot;:&amp;quot;whiting, flathead, mullet, flounder, garfish, trevally, pike&amp;quot;}&quot; data-sheets-userformat=&quot;{&amp;quot;2&amp;quot;:513,&amp;quot;3&amp;quot;:{&amp;quot;1&amp;quot;:0},&amp;quot;12&amp;quot;:0}&quot;&gt;Major Fish: whiting, flathead, mullet, flounder, garfish, trevally, pike&lt;/span&gt;&lt;/p&gt;&lt;p&gt;Fishing is allowed&lt;/p&gt;";"-38.699590340977";"146.45299524818";"";"";"2023-04-27 12:40:34";"";"15";"red";"30";"15";"1";"[UMS_SITE_PATH]/wp-content/plugins/ultimate-maps-by-supsystic/modules/icons/icons_files/def_icons/flag_red.png";"flag";"32";"0";"";"";"";"";"";"";"58";""
"65";"1";"Manns Beach";"&lt;p&gt;Major Fish: &lt;span data-sheets-value=&quot;{&amp;quot;1&amp;quot;:2,&amp;quot;2&amp;quot;:&amp;quot;whiting, flathead, Australian salmon, pike, snook&amp;quot;}&quot; data-sheets-userformat=&quot;{&amp;quot;2&amp;quot;:513,&amp;quot;3&amp;quot;:{&amp;quot;1&amp;quot;:0},&amp;quot;12&amp;quot;:0}&quot;&gt;whiting, flathead, Australian salmon, pike, snook&lt;/span&gt;&lt;/p&gt;&lt;p&gt;Fishing is allowed&lt;/p&gt;";"-38.645857538099";"146.78600248839";"";"";"2023-04-27 12:41:12";"";"15";"red";"30";"15";"1";"[UMS_SITE_PATH]/wp-content/plugins/ultimate-maps-by-supsystic/modules/icons/icons_files/def_icons/flag_red.png";"flag";"32";"0";"";"";"";"";"";"";"59";""
"66";"1";"Robertsons Beach";"&lt;p&gt;Major Fish: &lt;span data-sheets-value=&quot;{&amp;quot;1&amp;quot;:2,&amp;quot;2&amp;quot;:&amp;quot;whiting, flathead, Australian salmon, pike, snook&amp;quot;}&quot; data-sheets-userformat=&quot;{&amp;quot;2&amp;quot;:513,&amp;quot;3&amp;quot;:{&amp;quot;1&amp;quot;:0},&amp;quot;12&amp;quot;:0}&quot;&gt;whiting, flathead, Australian salmon, pike, snook&lt;/span&gt;&lt;/p&gt;&lt;p&gt;Fishing is allowed&lt;/p&gt;";"-38.660721577773";"146.73190592797";"";"";"2023-04-27 12:41:48";"";"15";"red";"30";"15";"1";"[UMS_SITE_PATH]/wp-content/plugins/ultimate-maps-by-supsystic/modules/icons/icons_files/def_icons/flag_red.png";"flag";"32";"0";"";"";"";"";"";"";"60";""
"67";"1";"Lake Eildon";"";"-37.184779481637";"145.87873333197";"";"";"2023-04-27 12:42:13";"";"15";"red";"30";"15";"1";"[UMS_SITE_PATH]/wp-content/plugins/ultimate-maps-by-supsystic/modules/icons/icons_files/def_icons/flag_red.png";"flag";"32";"0";"";"";"";"";"";"";"61";""
"68";"1";"Entrance Channel";"&lt;p&gt;Major Fish: &lt;span data-sheets-value=&quot;{&amp;quot;1&amp;quot;:2,&amp;quot;2&amp;quot;:&amp;quot;tailor, bream, luderick, Australian salmon, mullet, silver trevally&amp;quot;}&quot; data-sheets-userformat=&quot;{&amp;quot;2&amp;quot;:513,&amp;quot;3&amp;quot;:{&amp;quot;1&amp;quot;:0},&amp;quot;12&amp;quot;:0}&quot;&gt;tailor, bream, luderick, Australian salmon, mullet, silver trevally&lt;/span&gt;&lt;/p&gt;&lt;p&gt;Fishing is allowed&lt;/p&gt;";"-33.341423186663";"151.5003759159";"";"";"2023-04-27 12:43:35";"";"15";"red";"30";"15";"1";"[UMS_SITE_PATH]/wp-content/plugins/ultimate-maps-by-supsystic/modules/icons/icons_files/def_icons/flag_red.png";"flag";"32";"0";"";"";"";"";"";"";"62";""
"69";"1";"Yeerung River estuary";"&lt;p&gt;Major Fish: &lt;span data-sheets-value=&quot;{&amp;quot;1&amp;quot;:2,&amp;quot;2&amp;quot;:&amp;quot;bream, mullet, trevally, estuary perch&amp;quot;}&quot; data-sheets-userformat=&quot;{&amp;quot;2&amp;quot;:513,&amp;quot;3&amp;quot;:{&amp;quot;1&amp;quot;:0},&amp;quot;12&amp;quot;:0}&quot;&gt;bream, mullet, trevally, estuary perch&lt;/span&gt;&lt;/p&gt;&lt;p&gt;Fishing is allowed&lt;/p&gt;";"-37.788425164097";"148.77426393803";"";"";"2023-04-27 12:44:17";"";"15";"red";"30";"15";"1";"[UMS_SITE_PATH]/wp-content/plugins/ultimate-maps-by-supsystic/modules/icons/icons_files/def_icons/flag_red.png";"flag";"32";"0";"";"";"";"";"";"";"63";""
"70";"1";"Cape Conran";"&lt;p&gt;Major Fish: &lt;span data-sheets-value=&quot;{&amp;quot;1&amp;quot;:2,&amp;quot;2&amp;quot;:&amp;quot;flathead, Australian salmon, tailor, gummy shark&amp;quot;}&quot; data-sheets-userformat=&quot;{&amp;quot;2&amp;quot;:513,&amp;quot;3&amp;quot;:{&amp;quot;1&amp;quot;:0},&amp;quot;12&amp;quot;:0}&quot;&gt;flathead, Australian salmon, tailor, gummy shark&lt;/span&gt;&lt;/p&gt;&lt;p&gt;Fishing is allowed&lt;/p&gt;";"-37.800307720366";"148.74283821206";"";"";"2023-04-27 12:45:06";"";"15";"red";"30";"15";"1";"[UMS_SITE_PATH]/wp-content/plugins/ultimate-maps-by-supsystic/modules/icons/icons_files/def_icons/flag_red.png";"flag";"32";"0";"";"";"";"";"";"";"64";""
"71";"1";"Snowy River mouth";"&lt;p&gt;Major Fish: &lt;span data-sheets-value=&quot;{&amp;quot;1&amp;quot;:2,&amp;quot;2&amp;quot;:&amp;quot;mulloway, flathead, Australian salmon&amp;quot;}&quot; data-sheets-userformat=&quot;{&amp;quot;2&amp;quot;:513,&amp;quot;3&amp;quot;:{&amp;quot;1&amp;quot;:0},&amp;quot;12&amp;quot;:0}&quot;&gt;mulloway, flathead, Australian salmon&lt;/span&gt;&lt;/p&gt;&lt;p&gt;Fishing is allowed&lt;/p&gt;";"-37.799514940524";"148.54650182284";"";"";"2023-04-27 12:45:57";"";"15";"red";"30";"15";"1";"[UMS_SITE_PATH]/wp-content/plugins/ultimate-maps-by-supsystic/modules/icons/icons_files/def_icons/flag_red.png";"flag";"32";"0";"";"";"";"";"";"";"65";""
"72";"1";"Wingam Inlet";"&lt;p&gt;Major Fish: &lt;span data-sheets-value=&quot;{&amp;quot;1&amp;quot;:2,&amp;quot;2&amp;quot;:&amp;quot;various&amp;quot;}&quot; data-sheets-userformat=&quot;{&amp;quot;2&amp;quot;:513,&amp;quot;3&amp;quot;:{&amp;quot;1&amp;quot;:0},&amp;quot;12&amp;quot;:0}&quot;&gt;various&lt;/span&gt;&lt;/p&gt;&lt;p&gt;Fishing is allowed&lt;/p&gt;";"-37.738397370364";"149.50116288888";"";"";"2023-04-27 12:46:40";"";"15";"red";"30";"15";"1";"[UMS_SITE_PATH]/wp-content/plugins/ultimate-maps-by-supsystic/modules/icons/icons_files/def_icons/flag_red.png";"flag";"32";"0";"";"";"";"";"";"";"66";""
"73";"1";"Bob\&#039;s Bay";"&lt;p&gt;Major Fish: &lt;span data-sheets-value=&quot;{&amp;quot;1&amp;quot;:2,&amp;quot;2&amp;quot;:&amp;quot;bream&amp;quot;}&quot; data-sheets-userformat=&quot;{&amp;quot;2&amp;quot;:513,&amp;quot;3&amp;quot;:{&amp;quot;1&amp;quot;:0},&amp;quot;12&amp;quot;:0}&quot;&gt;bream&lt;/span&gt;&lt;/p&gt;&lt;p&gt;Fishing is allowed&lt;/p&gt;";"-37.753904803466";"148.97510549142";"";"";"2023-04-27 12:47:44";"";"15";"red";"30";"15";"1";"[UMS_SITE_PATH]/wp-content/plugins/ultimate-maps-by-supsystic/modules/icons/icons_files/def_icons/flag_red.png";"flag";"32";"0";"";"";"";"";"";"";"67";""
"74";"1";"Genoa River";"&lt;p&gt;Major Fish: &lt;span data-sheets-value=&quot;{&amp;quot;1&amp;quot;:2,&amp;quot;2&amp;quot;:&amp;quot;bream, estuary perch, bass&amp;quot;}&quot; data-sheets-userformat=&quot;{&amp;quot;2&amp;quot;:513,&amp;quot;3&amp;quot;:{&amp;quot;1&amp;quot;:0},&amp;quot;12&amp;quot;:0}&quot;&gt;bream, estuary perch, bass&lt;/span&gt;&lt;/p&gt;&lt;p&gt;Fishing is allowed&lt;/p&gt;";"-37.479317508558";"149.67502093889";"";"";"2023-04-27 12:48:47";"";"15";"red";"30";"15";"1";"[UMS_SITE_PATH]/wp-content/plugins/ultimate-maps-by-supsystic/modules/icons/icons_files/def_icons/flag_red.png";"flag";"32";"1";"1";"";"";"";"";"";"68";""
"75";"1";"Wallagaraugh River";"&lt;p&gt;Major Fish: &lt;span data-sheets-value=&quot;{&amp;quot;1&amp;quot;:2,&amp;quot;2&amp;quot;:&amp;quot;bream, estuary perch, bass&amp;quot;}&quot; data-sheets-userformat=&quot;{&amp;quot;2&amp;quot;:513,&amp;quot;3&amp;quot;:{&amp;quot;1&amp;quot;:0},&amp;quot;12&amp;quot;:0}&quot;&gt;bream, estuary perch, bass&lt;/span&gt;&lt;/p&gt;&lt;p&gt;Fishing is allowed&lt;/p&gt;";"-37.469099788888";"149.68244115923";"";"";"2023-04-27 12:49:24";"";"15";"red";"30";"15";"1";"[UMS_SITE_PATH]/wp-content/plugins/ultimate-maps-by-supsystic/modules/icons/icons_files/def_icons/flag_red.png";"flag";"32";"0";"";"";"";"";"";"";"69";""
"76";"1";"John Bull Light";"&lt;p&gt;Major Fish: &lt;span data-sheets-value=&quot;{&amp;quot;1&amp;quot;:2,&amp;quot;2&amp;quot;:&amp;quot;flathead, snapper, bream&amp;quot;}&quot; data-sheets-userformat=&quot;{&amp;quot;2&amp;quot;:513,&amp;quot;3&amp;quot;:{&amp;quot;1&amp;quot;:0},&amp;quot;12&amp;quot;:0}&quot;&gt;flathead, snapper, bream&lt;/span&gt;&lt;/p&gt;&lt;p&gt;Fishing is allowed&lt;/p&gt;";"-37.539142758921";"149.77412844171";"";"";"2023-04-27 12:50:01";"";"15";"red";"30";"15";"1";"[UMS_SITE_PATH]/wp-content/plugins/ultimate-maps-by-supsystic/modules/icons/icons_files/def_icons/flag_red.png";"flag";"32";"0";"";"";"";"";"";"";"70";""
"77";"1";"Ocean Grove";"&lt;p&gt;Major Fish: &lt;span data-sheets-value=&quot;{&amp;quot;1&amp;quot;:2,&amp;quot;2&amp;quot;:&amp;quot;snapper, mulloway, gummy shark&amp;quot;}&quot; data-sheets-userformat=&quot;{&amp;quot;2&amp;quot;:513,&amp;quot;3&amp;quot;:{&amp;quot;1&amp;quot;:0},&amp;quot;12&amp;quot;:0}&quot;&gt;snapper, mulloway, gummy shark&lt;/span&gt;&lt;/p&gt;&lt;p&gt;Fishing is allowed&lt;/p&gt;";"-38.272798198007";"144.51643342327";"";"";"2023-04-27 12:50:57";"";"15";"red";"30";"15";"1";"[UMS_SITE_PATH]/wp-content/plugins/ultimate-maps-by-supsystic/modules/icons/icons_files/def_icons/flag_red.png";"flag";"32";"0";"";"";"";"";"";"";"71";""
"78";"1";"Point Lonsdale Pier";"&lt;p&gt;Major Fish: &lt;span data-sheets-value=&quot;{&amp;quot;1&amp;quot;:2,&amp;quot;2&amp;quot;:&amp;quot;Australian salmon, mullet, barracouta, whiting, shark&amp;quot;}&quot; data-sheets-userformat=&quot;{&amp;quot;2&amp;quot;:513,&amp;quot;3&amp;quot;:{&amp;quot;1&amp;quot;:0},&amp;quot;12&amp;quot;:0}&quot;&gt;Australian salmon, mullet, barracouta, whiting, shark&lt;/span&gt;&lt;/p&gt;&lt;p&gt;Fishing is allowed&lt;/p&gt;";"-38.291528995844";"144.61765490984";"";"";"2023-04-27 12:51:36";"";"15";"red";"30";"15";"1";"[UMS_SITE_PATH]/wp-content/plugins/ultimate-maps-by-supsystic/modules/icons/icons_files/def_icons/flag_red.png";"flag";"32";"0";"";"";"";"";"";"";"72";""
"79";"1";"Mordialloc Pier";"&lt;p&gt;Major Fish: &lt;span data-sheets-value=&quot;{&amp;quot;1&amp;quot;:2,&amp;quot;2&amp;quot;:&amp;quot;bream, mullet&amp;quot;}&quot; data-sheets-userformat=&quot;{&amp;quot;2&amp;quot;:513,&amp;quot;3&amp;quot;:{&amp;quot;1&amp;quot;:0},&amp;quot;12&amp;quot;:0}&quot;&gt;bream, mullet&lt;/span&gt;&lt;/p&gt;&lt;p&gt;Fishing is allowed&lt;/p&gt;";"-38.011047663531";"145.08426183422";"";"";"2023-04-27 12:52:30";"";"15";"red";"30";"15";"1";"[UMS_SITE_PATH]/wp-content/plugins/ultimate-maps-by-supsystic/modules/icons/icons_files/def_icons/flag_red.png";"flag";"32";"0";"";"";"";"";"";"";"73";""
"80";"1";"Patterson River entrance";"&lt;p&gt;Major Fish: &lt;span data-sheets-value=&quot;{&amp;quot;1&amp;quot;:2,&amp;quot;2&amp;quot;:&amp;quot;salmon, mullet&amp;quot;}&quot; data-sheets-userformat=&quot;{&amp;quot;2&amp;quot;:513,&amp;quot;3&amp;quot;:{&amp;quot;1&amp;quot;:0},&amp;quot;12&amp;quot;:0}&quot;&gt;salmon, mullet&lt;/span&gt;&lt;/p&gt;&lt;p&gt;Fishing is allowed&lt;/p&gt;";"-38.072120449518";"145.12337662477";"";"";"2023-04-27 12:53:06";"";"15";"red";"30";"15";"1";"[UMS_SITE_PATH]/wp-content/plugins/ultimate-maps-by-supsystic/modules/icons/icons_files/def_icons/flag_red.png";"flag";"32";"0";"";"";"";"";"";"";"74";""
"81";"1";"Seaford Pier";"&lt;p&gt;Major Fish: &lt;span data-sheets-value=&quot;{&amp;quot;1&amp;quot;:2,&amp;quot;2&amp;quot;:&amp;quot;snapper&amp;quot;}&quot; data-sheets-userformat=&quot;{&amp;quot;2&amp;quot;:513,&amp;quot;3&amp;quot;:{&amp;quot;1&amp;quot;:0},&amp;quot;12&amp;quot;:0}&quot;&gt;snapper&lt;/span&gt;&lt;/p&gt;&lt;p&gt;Fishing is allowed&lt;/p&gt;";"0";"145.12444893001";"";"";"2023-04-27 12:53:41";"";"15";"red";"30";"15";"1";"[UMS_SITE_PATH]/wp-content/plugins/ultimate-maps-by-supsystic/modules/icons/icons_files/def_icons/flag_red.png";"flag";"32";"0";"";"";"";"";"";"";"75";""
"82";"1";"Gem Pier";"&lt;p&gt;Major Fish: &lt;span data-sheets-value=&quot;{&amp;quot;1&amp;quot;:2,&amp;quot;2&amp;quot;:&amp;quot;bream, mullet&amp;quot;}&quot; data-sheets-userformat=&quot;{&amp;quot;2&amp;quot;:513,&amp;quot;3&amp;quot;:{&amp;quot;1&amp;quot;:0},&amp;quot;12&amp;quot;:0}&quot;&gt;bream, mullet&lt;/span&gt;&lt;/p&gt;&lt;p&gt;Fishing is allowed&lt;/p&gt;";"-37.862046465303";"144.90542857914";"";"";"2023-04-27 12:54:19";"";"15";"red";"30";"15";"1";"[UMS_SITE_PATH]/wp-content/plugins/ultimate-maps-by-supsystic/modules/icons/icons_files/def_icons/flag_red.png";"flag";"32";"0";"";"";"";"";"";"";"76";""
"83";"1";"Altona Pier";"&lt;p&gt;Major Fish: &lt;span data-sheets-value=&quot;{&amp;quot;1&amp;quot;:2,&amp;quot;2&amp;quot;:&amp;quot;whiting, flathead&amp;quot;}&quot; data-sheets-userformat=&quot;{&amp;quot;2&amp;quot;:513,&amp;quot;3&amp;quot;:{&amp;quot;1&amp;quot;:0},&amp;quot;12&amp;quot;:0}&quot;&gt;whiting, flathead&lt;/span&gt;&lt;/p&gt;&lt;p&gt;Fishing is allowed&lt;/p&gt;";"-37.871407850638";"144.83115990788";"";"";"2023-04-27 12:55:15";"";"15";"red";"30";"15";"1";"[UMS_SITE_PATH]/wp-content/plugins/ultimate-maps-by-supsystic/modules/icons/icons_files/def_icons/flag_red.png";"flag";"32";"0";"";"";"";"";"";"";"77";""
"84";"1";"Under West Gate Bridge";"&lt;p&gt;Major Fish: &lt;span data-sheets-value=&quot;{&amp;quot;1&amp;quot;:2,&amp;quot;2&amp;quot;:&amp;quot;bream, snapper, mulloway&amp;quot;}&quot; data-sheets-userformat=&quot;{&amp;quot;2&amp;quot;:513,&amp;quot;3&amp;quot;:{&amp;quot;1&amp;quot;:0},&amp;quot;12&amp;quot;:0}&quot;&gt;bream, snapper, mulloway&lt;/span&gt;&lt;/p&gt;&lt;p&gt;Fishing is allowed&lt;/p&gt;";"-37.829857866916";"144.8980573477";"";"";"2023-04-27 12:55:53";"";"15";"red";"30";"15";"1";"[UMS_SITE_PATH]/wp-content/plugins/ultimate-maps-by-supsystic/modules/icons/icons_files/def_icons/flag_red.png";"flag";"32";"0";"";"";"";"";"";"";"78";""
"85";"1";"Outer Artificial Reef out from Carrum Drain";"&lt;p&gt;Major Fish: &lt;span data-sheets-value=&quot;{&amp;quot;1&amp;quot;:2,&amp;quot;2&amp;quot;:&amp;quot;snapper&amp;quot;}&quot; data-sheets-userformat=&quot;{&amp;quot;2&amp;quot;:513,&amp;quot;3&amp;quot;:{&amp;quot;1&amp;quot;:0},&amp;quot;12&amp;quot;:0}&quot;&gt;snapper&lt;/span&gt;&lt;/p&gt;&lt;p&gt;Fishing is allowed&lt;/p&gt;";"-38.082376069084";"145.09637733159";"";"";"2023-04-27 12:56:50";"";"15";"red";"30";"15";"1";"[UMS_SITE_PATH]/wp-content/plugins/ultimate-maps-by-supsystic/modules/icons/icons_files/def_icons/flag_red.png";"flag";"32";"0";"";"";"";"";"";"";"79";""
"86";"1";"St Kilda Pier";"&lt;p&gt;Major Fish: &lt;span data-sheets-value=&quot;{&amp;quot;1&amp;quot;:2,&amp;quot;2&amp;quot;:&amp;quot;flathead, bream, mullet, garfish&amp;quot;}&quot; data-sheets-userformat=&quot;{&amp;quot;2&amp;quot;:513,&amp;quot;3&amp;quot;:{&amp;quot;1&amp;quot;:0},&amp;quot;12&amp;quot;:0}&quot;&gt;flathead, bream, mullet, garfish&lt;/span&gt;&lt;/p&gt;&lt;p&gt;Fishing is allowed&lt;/p&gt;";"-37.864618851734";"144.96615193185";"";"";"2023-04-27 12:57:42";"";"15";"red";"30";"15";"1";"[UMS_SITE_PATH]/wp-content/plugins/ultimate-maps-by-supsystic/modules/icons/icons_files/def_icons/flag_red.png";"flag";"32";"0";"";"";"";"";"";"";"80";""
"87";"1";"Lagoon Pier";"&lt;p&gt;Major Fish: &lt;span data-sheets-value=&quot;{&amp;quot;1&amp;quot;:2,&amp;quot;2&amp;quot;:&amp;quot;flathead, bream, mullet, garfish&amp;quot;}&quot; data-sheets-userformat=&quot;{&amp;quot;2&amp;quot;:513,&amp;quot;3&amp;quot;:{&amp;quot;1&amp;quot;:0},&amp;quot;12&amp;quot;:0}&quot;&gt;flathead, bream, mullet, garfish&lt;/span&gt;&lt;/p&gt;&lt;p&gt;Fishing is allowed&lt;/p&gt;";"-37.845685044746";"144.93949581836";"";"";"2023-04-27 12:58:10";"";"15";"red";"30";"15";"1";"[UMS_SITE_PATH]/wp-content/plugins/ultimate-maps-by-supsystic/modules/icons/icons_files/def_icons/flag_red.png";"flag";"32";"0";"";"";"";"";"";"";"81";""
"88";"1";"Princes Pier";"&lt;p&gt;Major Fish: &lt;span data-sheets-value=&quot;{&amp;quot;1&amp;quot;:2,&amp;quot;2&amp;quot;:&amp;quot;flathead, bream, mullet, garfish&amp;quot;}&quot; data-sheets-userformat=&quot;{&amp;quot;2&amp;quot;:513,&amp;quot;3&amp;quot;:{&amp;quot;1&amp;quot;:0},&amp;quot;12&amp;quot;:0}&quot;&gt;flathead, bream, mullet, garfish&lt;/span&gt;&lt;/p&gt;&lt;p&gt;Fishing is allowed&lt;/p&gt;";"-37.841155708308";"144.92709167232";"";"";"2023-04-27 12:58:42";"";"15";"red";"30";"15";"1";"[UMS_SITE_PATH]/wp-content/plugins/ultimate-maps-by-supsystic/modules/icons/icons_files/def_icons/flag_red.png";"flag";"32";"0";"";"";"";"";"";"";"82";""
"89";"1";"Station Pier";"&lt;p&gt;&lt;span data-sheets-value=&quot;{&amp;quot;1&amp;quot;:2,&amp;quot;2&amp;quot;:&amp;quot;flathead, bream, mullet, garfish&amp;quot;}&quot; data-sheets-userformat=&quot;{&amp;quot;2&amp;quot;:513,&amp;quot;3&amp;quot;:{&amp;quot;1&amp;quot;:0},&amp;quot;12&amp;quot;:0}&quot;&gt;Major Fish: flathead, bream, mullet, garfish&lt;/span&gt;&lt;/p&gt;&lt;p&gt;Fishing is allowed&lt;/p&gt;";"-37.842906110646";"144.93171923792";"";"";"2023-04-27 12:59:18";"";"15";"red";"30";"15";"1";"[UMS_SITE_PATH]/wp-content/plugins/ultimate-maps-by-supsystic/modules/icons/icons_files/def_icons/flag_red.png";"flag";"32";"0";"";"";"";"";"";"";"83";""
"90";"1";"Sandridge Beach";"&lt;p&gt;Major Fish: &lt;span data-sheets-value=&quot;{&amp;quot;1&amp;quot;:2,&amp;quot;2&amp;quot;:&amp;quot;flathead&amp;quot;}&quot; data-sheets-userformat=&quot;{&amp;quot;2&amp;quot;:513,&amp;quot;3&amp;quot;:{&amp;quot;1&amp;quot;:0},&amp;quot;12&amp;quot;:0}&quot;&gt;flathead&lt;/span&gt;&lt;/p&gt;&lt;p&gt;Fishing is allowed&lt;/p&gt;";"-37.840302577888";"144.91640928632";"";"";"2023-04-27 12:59:48";"";"1";"blue,white,star,pin";"44";"1";"1";"[UMS_SITE_PATH]/wp-content/plugins/ultimate-maps-by-supsystic/modules/icons/icons_files/def_icons/bblue.png";"marker";"32";"0";"";"";"";"";"";"";"84";""
"91";"1";"Mouth of the Yarra";"&lt;p&gt;Major Fish: &lt;span data-sheets-value=&quot;{&amp;quot;1&amp;quot;:2,&amp;quot;2&amp;quot;:&amp;quot;mulloway&amp;quot;}&quot; data-sheets-userformat=&quot;{&amp;quot;2&amp;quot;:513,&amp;quot;3&amp;quot;:{&amp;quot;1&amp;quot;:0},&amp;quot;12&amp;quot;:0}&quot;&gt;mulloway&lt;/span&gt;&lt;/p&gt;&lt;p&gt;Fishing is allowed&lt;/p&gt;";"-37.847909377336";"144.90280099918";"";"";"2023-04-27 13:00:31";"";"15";"red";"30";"15";"1";"[UMS_SITE_PATH]/wp-content/plugins/ultimate-maps-by-supsystic/modules/icons/icons_files/def_icons/flag_red.png";"flag";"32";"0";"";"";"";"";"";"";"85";""
"92";"1";"Werribee River estuary";"&lt;p&gt;Major Fish: &lt;span data-sheets-value=&quot;{&amp;quot;1&amp;quot;:2,&amp;quot;2&amp;quot;:&amp;quot;bream&amp;quot;}&quot; data-sheets-userformat=&quot;{&amp;quot;2&amp;quot;:513,&amp;quot;3&amp;quot;:{&amp;quot;1&amp;quot;:0},&amp;quot;12&amp;quot;:0}&quot;&gt;bream&lt;/span&gt;&lt;/p&gt;&lt;p&gt;Fishing is allowed&lt;/p&gt;";"-37.974165139336";"144.67811397991";"";"";"2023-04-27 13:01:26";"";"15";"red";"30";"15";"1";"[UMS_SITE_PATH]/wp-content/plugins/ultimate-maps-by-supsystic/modules/icons/icons_files/def_icons/flag_red.png";"flag";"32";"0";"";"";"";"";"";"";"86";""
"93";"1";"Point Wilson Pier";"&lt;p&gt;Major Fish: &lt;span data-sheets-value=&quot;{&amp;quot;1&amp;quot;:2,&amp;quot;2&amp;quot;:&amp;quot;Australian salmon, snapper&amp;quot;}&quot; data-sheets-userformat=&quot;{&amp;quot;2&amp;quot;:513,&amp;quot;3&amp;quot;:{&amp;quot;1&amp;quot;:0},&amp;quot;12&amp;quot;:0}&quot;&gt;Australian salmon, snapper&lt;/span&gt;&lt;/p&gt;&lt;p&gt;Fishing is allowed&lt;/p&gt;";"-38.088298460261";"144.51148508596";"";"";"2023-04-27 13:02:17";"";"15";"red";"30";"15";"1";"[UMS_SITE_PATH]/wp-content/plugins/ultimate-maps-by-supsystic/modules/icons/icons_files/def_icons/flag_red.png";"flag";"32";"0";"";"";"";"";"";"";"87";""
"94";"1";"St leonards Pier";"&lt;p&gt;Major Fish: &lt;span data-sheets-value=&quot;{&amp;quot;1&amp;quot;:2,&amp;quot;2&amp;quot;:&amp;quot;snapper, squid, whiting&amp;quot;}&quot; data-sheets-userformat=&quot;{&amp;quot;2&amp;quot;:513,&amp;quot;3&amp;quot;:{&amp;quot;1&amp;quot;:0},&amp;quot;12&amp;quot;:0}&quot;&gt;snapper, squid, whiting&lt;/span&gt;&lt;/p&gt;&lt;p&gt;Fishing is allowed&lt;/p&gt;";"-38.170407881186";"144.71942059696";"";"";"2023-04-27 13:03:14";"";"15";"red";"30";"15";"1";"[UMS_SITE_PATH]/wp-content/plugins/ultimate-maps-by-supsystic/modules/icons/icons_files/def_icons/flag_red.png";"flag";"32";"0";"";"";"";"";"";"";"88";""
"95";"1";"Portarlington Pier";"&lt;p&gt;Major Fish: &lt;span data-sheets-value=&quot;{&amp;quot;1&amp;quot;:2,&amp;quot;2&amp;quot;:&amp;quot;snapper, garfish, whiting, flathead&amp;quot;}&quot; data-sheets-userformat=&quot;{&amp;quot;2&amp;quot;:513,&amp;quot;3&amp;quot;:{&amp;quot;1&amp;quot;:0},&amp;quot;12&amp;quot;:0}&quot;&gt;snapper, garfish, whiting, flathead&lt;/span&gt;&lt;/p&gt;&lt;p&gt;Fishing is allowed&lt;/p&gt;";"-38.113002685586";"144.65205458954";"";"";"2023-04-27 13:03:54";"";"15";"red";"30";"15";"1";"[UMS_SITE_PATH]/wp-content/plugins/ultimate-maps-by-supsystic/modules/icons/icons_files/def_icons/flag_red.png";"flag";"32";"0";"";"";"";"";"";"";"89";""
"96";"1";"Bell Reef at Shortland Bluff, Queenscliff";"&lt;p&gt;Major Fish: &lt;span data-sheets-value=&quot;{&amp;quot;1&amp;quot;:2,&amp;quot;2&amp;quot;:&amp;quot;trevally, Australian salmon&amp;quot;}&quot; data-sheets-userformat=&quot;{&amp;quot;2&amp;quot;:513,&amp;quot;3&amp;quot;:{&amp;quot;1&amp;quot;:0},&amp;quot;12&amp;quot;:0}&quot;&gt;trevally, Australian salmon&lt;/span&gt;&lt;/p&gt;&lt;p&gt;Fishing is allowed&lt;/p&gt;";"-38.275433186965";"144.66550742006";"";"";"2023-04-27 13:05:00";"";"15";"red";"30";"15";"1";"[UMS_SITE_PATH]/wp-content/plugins/ultimate-maps-by-supsystic/modules/icons/icons_files/def_icons/flag_red.png";"flag";"32";"0";"";"";"";"";"";"";"90";""
"97";"1";"Queenscliff South Pier";"&lt;p&gt;Major Fish: &lt;span data-sheets-value=&quot;{&amp;quot;1&amp;quot;:2,&amp;quot;2&amp;quot;:&amp;quot;mullet&amp;quot;}&quot; data-sheets-userformat=&quot;{&amp;quot;2&amp;quot;:513,&amp;quot;3&amp;quot;:{&amp;quot;1&amp;quot;:0},&amp;quot;12&amp;quot;:0}&quot;&gt;mullet&lt;/span&gt;&lt;/p&gt;&lt;p&gt;Fishing is allowed&lt;/p&gt;";"-38.268112467272";"144.66915452951";"";"";"2023-04-27 13:05:36";"";"15";"red";"30";"15";"1";"[UMS_SITE_PATH]/wp-content/plugins/ultimate-maps-by-supsystic/modules/icons/icons_files/def_icons/flag_red.png";"flag";"32";"0";"";"";"";"";"";"";"91";""
"98";"1";"Rippleside Pier";"&lt;p&gt;&lt;span data-sheets-value=&quot;{&amp;quot;1&amp;quot;:2,&amp;quot;2&amp;quot;:&amp;quot;garfish, whiting&amp;quot;}&quot; data-sheets-userformat=&quot;{&amp;quot;2&amp;quot;:513,&amp;quot;3&amp;quot;:{&amp;quot;1&amp;quot;:0},&amp;quot;12&amp;quot;:0}&quot;&gt;Major Fish: garfish, whiting&lt;/span&gt;&lt;/p&gt;&lt;p&gt;Fishing is allowed&lt;/p&gt;";"-38.128659480404";"144.35891666441";"";"";"2023-04-27 13:06:18";"";"15";"red";"30";"15";"1";"[UMS_SITE_PATH]/wp-content/plugins/ultimate-maps-by-supsystic/modules/icons/icons_files/def_icons/flag_red.png";"flag";"32";"0";"";"";"";"";"";"";"92";""
"99";"1";"Limeburners Bay";"&lt;p&gt;Major Fish: &lt;span data-sheets-value=&quot;{&amp;quot;1&amp;quot;:2,&amp;quot;2&amp;quot;:&amp;quot;snapper, mullet, flathead, bream, flounder&amp;quot;}&quot; data-sheets-userformat=&quot;{&amp;quot;2&amp;quot;:513,&amp;quot;3&amp;quot;:{&amp;quot;1&amp;quot;:0},&amp;quot;12&amp;quot;:0}&quot;&gt;snapper, mullet, flathead, bream, flounder&lt;/span&gt;&lt;/p&gt;&lt;p&gt;Fishing is allowed&lt;/p&gt;";"-38.07163403375";"144.40888228962";"";"";"2023-04-27 13:07:01";"";"15";"red";"30";"15";"1";"[UMS_SITE_PATH]/wp-content/plugins/ultimate-maps-by-supsystic/modules/icons/icons_files/def_icons/flag_red.png";"flag";"32";"0";"";"";"";"";"";"";"93";""
"100";"1";"Point Henry";"&lt;p&gt;Major Fish: &lt;span data-sheets-value=&quot;{&amp;quot;1&amp;quot;:2,&amp;quot;2&amp;quot;:&amp;quot;snapper, whiting, flathead&amp;quot;}&quot; data-sheets-userformat=&quot;{&amp;quot;2&amp;quot;:513,&amp;quot;3&amp;quot;:{&amp;quot;1&amp;quot;:0},&amp;quot;12&amp;quot;:0}&quot;&gt;snapper, whiting, flathead&lt;/span&gt;&lt;/p&gt;&lt;p&gt;Fishing is allowed&lt;/p&gt;";"-38.122717018623";"144.42634153323";"";"";"2023-04-27 13:07:31";"";"15";"red";"30";"15";"1";"[UMS_SITE_PATH]/wp-content/plugins/ultimate-maps-by-supsystic/modules/icons/icons_files/def_icons/flag_red.png";"flag";"32";"0";"";"";"";"";"";"";"94";""
"101";"1";"Point Lillias";"&lt;p&gt;Major Fish: snapper&lt;/p&gt;&lt;p&gt;Fishing is allowed&lt;/p&gt;";"-38.092306312985";"144.44264803668";"";"";"2023-04-27 13:08:07";"";"15";"red";"30";"15";"1";"[UMS_SITE_PATH]/wp-content/plugins/ultimate-maps-by-supsystic/modules/icons/icons_files/def_icons/flag_red.png";"flag";"32";"0";"";"";"";"";"";"";"95";""
"102";"1";"Bancroft Bay";"&lt;p&gt;Major Fish: &lt;span data-sheets-value=&quot;{&amp;quot;1&amp;quot;:2,&amp;quot;2&amp;quot;:&amp;quot;bream, garfish, mullet, flathead&amp;quot;}&quot; data-sheets-userformat=&quot;{&amp;quot;2&amp;quot;:513,&amp;quot;3&amp;quot;:{&amp;quot;1&amp;quot;:0},&amp;quot;12&amp;quot;:0}&quot;&gt;bream, garfish, mullet, flathead&lt;/span&gt;&lt;/p&gt;&lt;p&gt;Fishing is allowed&lt;/p&gt;";"-37.883559377389";"147.87135909209";"";"";"2023-04-27 13:08:48";"";"15";"red";"30";"15";"1";"[UMS_SITE_PATH]/wp-content/plugins/ultimate-maps-by-supsystic/modules/icons/icons_files/def_icons/flag_red.png";"flag";"32";"0";"";"";"";"";"";"";"96";""
"103";"1";"Nicholson River";"&lt;p&gt;Major Fish: &lt;span data-sheets-value=&quot;{&amp;quot;1&amp;quot;:2,&amp;quot;2&amp;quot;:&amp;quot;bream, luderick, estuary perch&amp;quot;}&quot; data-sheets-userformat=&quot;{&amp;quot;2&amp;quot;:513,&amp;quot;3&amp;quot;:{&amp;quot;1&amp;quot;:0},&amp;quot;12&amp;quot;:0}&quot;&gt;bream, luderick, estuary perch&lt;/span&gt;&lt;/p&gt;&lt;p&gt;Fishing is allowed&lt;/p&gt;";"-37.830916316138";"147.73469608203";"";"";"2023-04-27 13:09:32";"";"15";"red";"30";"15";"1";"[UMS_SITE_PATH]/wp-content/plugins/ultimate-maps-by-supsystic/modules/icons/icons_files/def_icons/flag_red.png";"flag";"32";"0";"";"";"";"";"";"";"97";""